Posto,Município,Região,Normal (mm),Observado (mm),Desvio (%)
MORAUJO,Moraújo,LITORAL NORTE,1041.2,2967.5,185
FUND.MA.NILVA(AGUA FRIA),Fortaleza,LITORAL DE FORTALEZA,1375.3,2067.4,50.3
TIMONHA,Granja,LITORAL NORTE,1303.7,2051.1,57.3
PICI,Fortaleza,LITORAL DE FORTALEZA,1372.8,2011.3,46.5
SITIO SAPUCAIA FAGUNDES,Aquiraz,LITORAL DE FORTALEZA,0,1986,0
CASTELAO,Fortaleza,LITORAL DE FORTALEZA,1361.8,1974.4,45
IBIAPINA,Ibiapina,IBIAPABA,1599.6,1973.1,23.4
PARACURU,Paracuru,LITORAL DE PECEM,1290.7,1960.2,51.9
PINDORETAMA,Pindoretama,LITORAL DE FORTALEZA,1114.8,1959,75.7
EUSEBIO,Eusébio,LITORAL DE FORTALEZA,1408.2,1949,38.4
MANHOSO,Viçosa do Ceará,IBIAPABA,1105.7,1898,71.7
PESSOA ANTA,Granja,LITORAL NORTE,1082,1893,75
MERUOCA,Meruoca,LITORAL NORTE,1523.5,1877,23.2
LAMEIRO,Crato,CARIRI,1132.4,1833,61.9
CAUCAIA,Caucaia,LITORAL DE FORTALEZA,1307.3,1824.6,39.6
ESCOLA PROF LUIZA TEODORO,Pacatuba,LITORAL DE FORTALEZA,0,1798.1,0
SANTO AMARO,São Gonçalo do Amarante,LITORAL DE PECEM,0,1790.4,0
GRANJA,Granja,LITORAL NORTE,1099.4,1738.4,58.1
BERRA BODE-ETS,Aquiraz,LITORAL DE FORTALEZA,1166.9,1704.7,46.1
MESSEJANA,Fortaleza,LITORAL DE FORTALEZA,1200.1,1697.1,41.4
ACARAU,Acaraú,LITORAL NORTE,1083.6,1687.6,55.7
SIUPE,São Gonçalo do Amarante,LITORAL DE PECEM,0,1644.2,0
SITIO URUBU,Coreaú,IBIAPABA,839,1629,94.2
PALMACIA,Palmácia,MACICO DE BATURITE,1349.6,1625.6,20.5
ACUDE ACARAPE DO MEIO,Redenção,MACICO DE BATURITE,0,1625.3,0
IBOREPI,Lavras da Mangabeira,CARIRI,1026,1625,58.4
VICOSA DO CEARA,Viçosa do Ceará,IBIAPABA,1472.8,1623.2,10.2
MARACANAU,Maracanaú,LITORAL DE FORTALEZA,1162.7,1612.8,38.7
JARDIM DO MEIO,Paracuru,LITORAL DE PECEM,0,1591,0
PARAIPABA,Paraipaba,LITORAL DE PECEM,1203.3,1580.8,31.4
SEDE,São Gonçalo do Amarante,LITORAL DE PECEM,0,1557.2,0
PACOTI,Pacoti,MACICO DE BATURITE,1453.1,1555.9,7.1
SAO GONCALO DO AMARANTE,São Gonçalo do Amarante,LITORAL DE PECEM,970,1554.4,60.3
PARQUE SAO JOAO,Maracanaú,LITORAL DE FORTALEZA,0,1543.6,0
BARROQUINHA,Barroquinha,LITORAL NORTE,940,1541.5,64
JAMACARU,Missão Velha,CARIRI,1037.5,1538.8,48.3
URUAU CARRAPICHO,Beberibe,LITORAL DE FORTALEZA,0,1530,0
MARANGUAPE,Maranguape,LITORAL DE FORTALEZA,1126,1518.6,34.9
MUSEU RODOLFO TEOFILO,Maracanaú,LITORAL DE FORTALEZA,26.2,1514.6,5680.9
SAO BENEDITO,São Benedito,IBIAPABA,1322.6,1513,14.4
BEBERIBE,Beberibe,LITORAL DE FORTALEZA,1205.4,1507,25
SANTA FE,Crato,CARIRI,238.3,1492,526
MULUNGU,Mulungu,MACICO DE BATURITE,1124.1,1489.5,32.5
CROATA,São Gonçalo do Amarante,LITORAL DE PECEM,375.9,1489.3,296.2
SEMAN,Itaitinga,LITORAL DE FORTALEZA,0,1488.9,0
ARAPARI,Itapipoca,LITORAL DE PECEM,1021.8,1485.1,45.3
PACATUBA,Pacatuba,LITORAL DE FORTALEZA,1168.5,1477.6,26.5
IPAUMIRIM,Ipaumirim,CARIRI,908.4,1477.1,62.6
ICARAI DE AMONTADA,Amontada,LITORAL NORTE,944.2,1470,55.7
FORTIM,Fortim,JAGUARIBANA,887.8,1463,64.8
LAGOA FUNDA,Beberibe,LITORAL DE FORTALEZA,1003.6,1455,45
IGUATU,Iguatu,SERTAO CENTRAL E INHAMUNS,967,1451,50.1
CASCAVEL,Cascavel,LITORAL DE FORTALEZA,1171.1,1450.7,23.9
PRAIA DA BALEIA,Itapipoca,LITORAL DE PECEM,1127.3,1449.4,28.6
CRATO,Crato,CARIRI,1121.6,1444.5,28.8
ARANAU,Acaraú,LITORAL NORTE,906.8,1437.2,58.5
IBIAPABA,Crateús,SERTAO CENTRAL E INHAMUNS,639.9,1433.5,124
INGAZEIRA,Aurora,CARIRI,821.6,1432.4,74.3
ITAREMA,Itarema,LITORAL NORTE,1137.6,1429,25.6
AMERICA,Ipueiras,IBIAPABA,877.9,1423.2,62.1
REDENCAO,Redenção,MACICO DE BATURITE,1139.7,1400.1,22.8
PARACUA,Uruoca,LITORAL NORTE,961.8,1391.2,44.6
MATRIZ,Ipueiras,IBIAPABA,1034.4,1381.6,33.6
CANA BRAVA DOS FERREIRAS,Granjeiro,CARIRI,0,1370.4,0
BIXOPA,Limoeiro do Norte,JAGUARIBANA,621.9,1369,120.1
PRATA,Bela Cruz,LITORAL NORTE,944.4,1358.4,43.8
AC.SANTO ANTONIO BASTIOES,Iracema,JAGUARIBANA,0,1356,0
CHAVAL,Chaval,LITORAL NORTE,876.8,1354.1,54.4
GUANACES,Cascavel,LITORAL DE FORTALEZA,927.1,1351,45.7
FAZENDA TAPUIO,Crateús,SERTAO CENTRAL E INHAMUNS,0,1337,0
FAZENDA PAU D'ARCO,Itapipoca,LITORAL DE PECEM,680.5,1336.8,96.5
ITAITINGA,Itaitinga,LITORAL DE FORTALEZA,1033.3,1336.5,29.3
CAMOCIM,Camocim,LITORAL NORTE,1105.6,1336.4,20.9
BOA VISTA,Várzea Alegre,CARIRI,713.7,1336,87.2
MACARAU,Santa Quitéria,SERTAO CENTRAL E INHAMUNS,0,1334.6,0
TIAIA DE BAIXO,Granja,LITORAL NORTE,879.2,1333,51.6
DOM LEME,Santana do Cariri,CARIRI,0,1332.1,0
CARIUS,Cariús,CARIRI,805.4,1330,65.1
JIJOCA DE JERICOACOARA,Jijoca de Jericoacoara,LITORAL NORTE,631.3,1326.3,110.1
SERROTA,Senador Sá,LITORAL NORTE,676.9,1325,95.8
NOVO MARACANAU,Maracanaú,LITORAL DE FORTALEZA,0,1324.4,0
FZ. AGUAPE,Itarema,LITORAL NORTE,856.8,1323.5,54.5
OLHO DAGUA,Maranguape,LITORAL DE FORTALEZA,0,1312.3,0
MARTINOPOLE,Martinópole,LITORAL NORTE,1010.7,1311,29.7
UBAJARA,Ubajara,IBIAPABA,1462.6,1307.4,-10.6
NOVO ORIENTE,Novo Oriente,SERTAO CENTRAL E INHAMUNS,718.5,1307.2,81.9
SENADOR SA,Senador Sá,LITORAL NORTE,877.6,1306,48.8
BASTIOES,Iracema,JAGUARIBANA,1025.6,1303.2,27.1
FAZENDA LAGOA DAS MERCES,Itapipoca,LITORAL DE PECEM,756,1293.6,71.1
BOQUEIRAO,Sobral,LITORAL NORTE,798.9,1291.1,61.6
FAZENDA LAGES,Trairi,LITORAL DE PECEM,1431.3,1291,-9.8
BATURITE,Baturité,MACICO DE BATURITE,1053.4,1283,21.8
GUAIUBA,Guaiúba,MACICO DE BATURITE,962.9,1281,33
SITIOS NOVOS,Caucaia,LITORAL DE FORTALEZA,551.4,1278.3,131.8
SANTA CRUZ,Itapajé,LITORAL DE PECEM,1150.4,1273.8,10.7
PACO MUNICIPAL,Itaitinga,LITORAL DE FORTALEZA,0,1273.6,0
PARAZINHO,Granja,LITORAL NORTE,1031.5,1273.5,23.5
TRAIRI,Trairi,LITORAL DE PECEM,1139.4,1273,11.7
CAMPANARIO,Uruoca,LITORAL NORTE,1000,1266,26.6
AC. ARARAS,Varjota,IBIAPABA,376.2,1265.4,236.4
PANACUI,Marco,LITORAL NORTE,742.2,1264.4,70.4
AURORA,Aurora,CARIRI,933.2,1260.6,35.1
LAVRAS DA MANGABEIRA,Lavras da Mangabeira,CARIRI,896.2,1257.6,40.3
HORIZONTE,Horizonte,LITORAL DE FORTALEZA,961.4,1251.7,30.2
ACARAPE,Acarape,MACICO DE BATURITE,999.5,1249,25
CARRAPATEIRA,Guaiúba,MACICO DE BATURITE,770.5,1249,62.1
JERICOACOARA,Jijoca de Jericoacoara,LITORAL NORTE,507,1248.7,146.3
QUITAIUS,Lavras da Mangabeira,CARIRI,941.3,1248.5,32.6
BARREIRA,Barreira,MACICO DE BATURITE,832,1245.6,49.7
CAGADO,São Gonçalo do Amarante,LITORAL DE PECEM,0,1239,0
SAMBAIBA,Granja,LITORAL NORTE,1032.1,1236.6,19.8
BAIXIO DE DONANA,Jucás,CARIRI,708.8,1233.2,74
AMANIUTUBA,Lavras da Mangabeira,CARIRI,639.6,1233,92.8
SITIO SACO,Porteiras,CARIRI,0,1233,0
CRUZ,Cruz,LITORAL NORTE,869.7,1224,40.7
BARRA DAS MOITAS,Amontada,LITORAL NORTE,0,1222.8,0
SAO SEBASTIAO,Cariús,CARIRI,516.3,1219,136.1
FAZENDA BOM PASTOR,Coreaú,IBIAPABA,0,1218,0
SITIO PILOES,Pacoti,MACICO DE BATURITE,0,1218,0
SITIO SAO PEDRO,Ipaumirim,CARIRI,0,1217.5,0
TIANGUA,Tianguá,IBIAPABA,1253.5,1214.2,-3.1
EMATERCE,Cedro,CARIRI,0,1209.9,0
GRACA,Graça,IBIAPABA,1033.3,1207,16.8
JUCA,Cariré,IBIAPABA,0,1205.3,0
BREJINHO,Barro,CARIRI,839.1,1205,43.6
PEREIRO,Pereiro,JAGUARIBANA,979.8,1204.8,23
SALAO,Senador Sá,LITORAL NORTE,881.6,1202.1,36.4
ARATUBA,Aratuba,MACICO DE BATURITE,1141.9,1201.4,5.2
CANINDEZINHO,Nova Russas,IBIAPABA,448.4,1199.5,167.5
RIACHO VERDE,Várzea Alegre,CARIRI,856.2,1197,39.8
RERIUTABA,Reriutaba,IBIAPABA,884.8,1197,35.3
VARZEA ALEGRE,Várzea Alegre,CARIRI,992.1,1196.2,20.6
PARIPUEIRA,Beberibe,LITORAL DE FORTALEZA,674.8,1194.6,77
VARZEA DA CONCEICAO,Cedro,CARIRI,833,1190,42.9
ITAPEBUSSU,Maranguape,LITORAL DE FORTALEZA,666,1187.8,78.4
GUARACIABA DO NORTE,Guaraciaba do Norte,IBIAPABA,1247,1187,-4.8
LAGOINHA,Quixeré,JAGUARIBANA,450.9,1180.6,161.8
ALCANTARAS,Alcântaras,LITORAL NORTE,623.5,1180.2,89.3
COREAU,Coreaú,IBIAPABA,1053.3,1179.5,12
ARACATI,Aracati,JAGUARIBANA,904.5,1178.7,30.3
FARIAS BRITO,Farias Brito,CARIRI,996.4,1172.2,17.6
ANGICO,Cariús,CARIRI,767.3,1170.6,52.6
JUAZEIRO DO NORTE,Juazeiro do Norte,CARIRI,971.6,1170.5,20.5
ENGENHO VELHO,Barro,CARIRI,686.9,1170.4,70.4
URUOCA,Uruoca,LITORAL NORTE,885.8,1168,31.9
PACAJUS,Pacajus,LITORAL DE FORTALEZA,918.4,1165.7,26.9
HIDROLANDIA,Hidrolândia,IBIAPABA,815.8,1161,42.3
AMANAIARA,Reriutaba,IBIAPABA,778.2,1160.6,49.1
BAIXIO,Baixio,CARIRI,851,1159.9,36.3
SANTO ANTONIO,Ipaumirim,CARIRI,0,1159.4,0
NOVO GRANGEIRO,Granjeiro,CARIRI,0,1157.6,0
SITIO CANTO,Umari,CARIRI,739.4,1156.6,56.4
ITAPIUNA,Itapiúna,MACICO DE BATURITE,747.3,1156,54.7
ITAPIPOCA,Itapipoca,LITORAL DE PECEM,1052.2,1153.2,9.6
VILA FEITOSA,Caririaçu,CARIRI,817.7,1150.2,40.7
SERRA DA GUIA,Boa Viagem,SERTAO CENTRAL E INHAMUNS,520.3,1150.2,121.1
JUCAS,Jucás,CARIRI,911.5,1150,26.2
UMARI,Umari,CARIRI,777,1148.4,47.8
PIRES FERREIRA,Pires Ferreira,IBIAPABA,814.6,1147.7,40.9
SITIO TIPI,Aurora,CARIRI,676.2,1147,69.6
TUCUNS,Crateús,SERTAO CENTRAL E INHAMUNS,644.5,1145,77.6
SERRA BRAVA,Milagres,CARIRI,0,1143.7,0
SERRA BREJINHO,Jardim,CARIRI,0,1140.6,0
PEIXE GORDO,Icapuí,JAGUARIBANA,717.4,1140.5,59
CARIRIACU,Caririaçu,CARIRI,1048.9,1140,8.7
FAZENDA MUTAMBA,Santa Quitéria,SERTAO CENTRAL E INHAMUNS,561.2,1138.5,102.9
LISIEUX,Santa Quitéria,SERTAO CENTRAL E INHAMUNS,0,1133.4,0
TANQUES,Maranguape,LITORAL DE FORTALEZA,896.7,1123,25.2
BARBALHA,Barbalha,CARIRI,1055,1121.7,6.3
SITIO CHAPADINHA,São Benedito,IBIAPABA,0,1121,0
TANGENTE,Massapê,LITORAL NORTE,750.8,1119.4,49.1
COMUNIDADE VALDIVINO,Milagres,CARIRI,0,1119.3,0
BARRO ALTO,Iguatu,SERTAO CENTRAL E INHAMUNS,586.6,1118.2,90.6
GAMELEIRO DE S. SEBASTIAO,Missão Velha,CARIRI,880,1116.9,26.9
MONTE ALEGRE,Barro,CARIRI,782.3,1116.5,42.7
MONTE NEBO,Crateús,SERTAO CENTRAL E INHAMUNS,768.8,1115.4,45.1
CAPISTRANO,Capistrano,MACICO DE BATURITE,835.5,1113,33.2
DAMIAO,Ipu,IBIAPABA,0,1112.4,0
NOVA OLINDA,Nova Olinda,CARIRI,885.3,1111.5,25.6
IPUEIRAS,Ipueiras,IBIAPABA,933.1,1110.7,19
ITAIPABA,Pacajus,LITORAL DE FORTALEZA,872.2,1108,27
AC. SOBRAL,Sobral,LITORAL NORTE,11.7,1107.9,9396.3
MILAGRES,Milagres,CARIRI,906.3,1107.6,22.2
FURNAS,Aracoiaba,MACICO DE BATURITE,978.7,1103,12.7
AEROPORTO DE ARACATI,Aracati,JAGUARIBANA,863.7,1096.4,26.9
ERERE,Ererê,JAGUARIBANA,808.8,1096,35.5
MAURITI,Mauriti,CARIRI,755.7,1093.9,44.8
GAMELEIRA,Massapê,LITORAL NORTE,0,1091.6,0
VILA SANTO ANTONIO,Crateús,SERTAO CENTRAL E INHAMUNS,582.8,1090.9,87.2
OCARA,Ocara,MACICO DE BATURITE,656.7,1090.5,66.1
CASCUDO,Icó,JAGUARIBANA,681.6,1088,59.6
CAMILOS,Meruoca,LITORAL NORTE,970.8,1086,11.9
ARATAMA,Assaré,SERTAO CENTRAL E INHAMUNS,658.1,1086,65
BREJO SANTO,Brejo Santo,CARIRI,920.7,1083.8,17.7
MASSAPE,Massapê,LITORAL NORTE,949.7,1083.6,14.1
IRACEMA,Iracema,JAGUARIBANA,809.5,1081,33.5
SANTA VITORIA - LAGES,Aurora,CARIRI,0,1078.4,0
IBICUA,Piquet Carneiro,SERTAO CENTRAL E INHAMUNS,726.7,1078,48.3
SERRA BOCA DA MATA L,Jardim,CARIRI,0,1072,0
GROAIRAS,Groaíras,IBIAPABA,777.6,1070.4,37.7
MISSAO VELHA,Missão Velha,CARIRI,995.7,1067,7.2
ACUDE MUNDAU,Uruburetama,LITORAL DE PECEM,0,1066.9,0
AEROPORTO(CRATEUS),Crateús,SERTAO CENTRAL E INHAMUNS,559.5,1065,90.3
ESPERANCA,Canindé,SERTAO CENTRAL E INHAMUNS,628.8,1062.2,68.9
CAMARAO,Aratuba,MACICO DE BATURITE,0,1060.6,0
JARDIM MIRIM,Jardim,CARIRI,647,1057.8,63.5
VILA ESCONDIDO,Potengi,SERTAO CENTRAL E INHAMUNS,0,1056,0
ARROJADO,Lavras da Mangabeira,CARIRI,336.5,1055.4,213.7
SAO LUIS DO CURU,São Luís do Curu,LITORAL DE PECEM,812.5,1055,29.8
SAO ROMAO,Altaneira,CARIRI,0,1050,0
SÃO JOÃO,Ererê,JAGUARIBANA,831.2,1050,26.3
NOVA BETANIA,Nova Russas,IBIAPABA,760.2,1049,38
CURUPIRA,Ocara,MACICO DE BATURITE,689.5,1049,52.1
ABAIARA,Abaiara,CARIRI,925.9,1048,13.2
FAZENDA BOA VISTA,Itapiúna,MACICO DE BATURITE,0,1048,0
ITAICABA,Itaiçaba,JAGUARIBANA,661.5,1046.7,58.2
SITIO TRANQUEIRA,Lavras da Mangabeira,CARIRI,0,1045.1,0
IRAPUA,Crateús,SERTAO CENTRAL E INHAMUNS,446.3,1043.8,133.9
QUIXOA,Iguatu,SERTAO CENTRAL E INHAMUNS,782.3,1043.8,33.4
GURIU,Camocim,LITORAL NORTE,348.5,1042.3,199.1
SANTANA DO ACARAU,Santana do Acaraú,LITORAL NORTE,831.1,1038.6,25
ARACATIACU,Sobral,LITORAL NORTE,487.1,1036,112.7
SANTO ANTôNIO,Quiterianópolis,SERTAO CENTRAL E INHAMUNS,0,1036,0
CARIUTABA,Farias Brito,CARIRI,774.9,1034.3,33.5
JAGUARIBE,Jaguaribe,JAGUARIBANA,727.1,1033.7,42.2
MUCAMBO,Mucambo,IBIAPABA,1005.9,1032,2.6
SAO MONTE ALEGRE,Tamboril,SERTAO CENTRAL E INHAMUNS,554.5,1030.1,85.8
MARCO,Marco,LITORAL NORTE,863.1,1029.6,19.3
SABOEIRO,Saboeiro,SERTAO CENTRAL E INHAMUNS,613.7,1028,67.5
SITIO FORQUILHA - COGERH,Beberibe,LITORAL DE FORTALEZA,598.6,1026.3,71.5
CUNCAS,Barro,CARIRI,439.4,1025.8,133.5
SEBASTIAO DE ABREU,Pentecoste,LITORAL DE PECEM,626.1,1023.2,63.4
MIRAIMA,Miraíma,LITORAL NORTE,678.3,1022.3,50.7
CARIRE,Cariré,IBIAPABA,868.1,1022,17.7
SITIO MACAPA,Jati,CARIRI,0,1021,0
ASSENTAMENTO MANDACARU,Irauçuba,LITORAL DE PECEM,0,1020.2,0
ALTANEIRA,Altaneira,CARIRI,821.3,1019.6,24.2
FAZENDA COLUMINJUBA,Maranguape,LITORAL DE FORTALEZA,331.4,1016,206.6
BARRO,Barro,CARIRI,823.1,1014.2,23.2
DIPAN-ESCRITORIO DO DNOCS,Varjota,IBIAPABA,0,1013,0
FRECHEIRINHA,Frecheirinha,IBIAPABA,871.3,1010.5,16
PADRE VIEIRA,Viçosa do Ceará,IBIAPABA,531.9,1009,89.7
MUQUEM,Independência,SERTAO CENTRAL E INHAMUNS,0,1008,0
PARAISO,Catunda,SERTAO CENTRAL E INHAMUNS,516.3,1008,95.2
URUBURETAMA,Uruburetama,LITORAL DE PECEM,1049,1005.8,-4.1
PENTECOSTE,Pentecoste,LITORAL DE PECEM,746.2,1005.4,34.7
IPU,Ipu,IBIAPABA,1002,1003.8,0.2
QUITERIANOPOLIS,Quiterianópolis,SERTAO CENTRAL E INHAMUNS,699.1,1002.7,43.4
LIMOEIRO,Guaraciaba do Norte,IBIAPABA,637.6,1000.4,56.9
ACUDE CARAO,Tamboril,SERTAO CENTRAL E INHAMUNS,0,999.1,0
SITIO BONSUCESSO,Jardim,CARIRI,0,998.5,0
LAGOA DO CARNEIRO,Acaraú,LITORAL NORTE,849.5,998.4,17.5
MORRINHOS,Morrinhos,LITORAL NORTE,842.2,996,18.3
SAO JOSE DO FAMA,Iracema,JAGUARIBANA,647.7,995,53.6
ICAPUI,Icapuí,JAGUARIBANA,942.3,994,5.5
CANAUNA,Ipaumirim,CARIRI,847.9,993,17.1
MANGABEIRA,Lavras da Mangabeira,CARIRI,791.2,992.8,25.5
QUIXERE,Quixeré,JAGUARIBANA,671.5,992.7,47.8
POTENGI,Potengi,SERTAO CENTRAL E INHAMUNS,682.9,992.5,45.3
CRATEUS,Crateús,SERTAO CENTRAL E INHAMUNS,704.1,991,40.8
SITIO TIMBAUBA MACORE,Russas,JAGUARIBANA,716.3,988.3,38
MANITUBA,Quixeramobim,SERTAO CENTRAL E INHAMUNS,588.9,987.6,67.7
POCO DO PAU,Brejo Santo,CARIRI,667.9,985.8,47.6
NOVA RUSSAS,Nova Russas,IBIAPABA,779.7,983,26.1
TARRAFAS,Tarrafas,SERTAO CENTRAL E INHAMUNS,673.1,981.5,45.8
SITIO VAMBIRA,Viçosa do Ceará,IBIAPABA,834.7,980.3,17.4
ARNEIROZ,Arneiroz,SERTAO CENTRAL E INHAMUNS,631.7,978.5,54.9
LAGOA GRANDE,Russas,JAGUARIBANA,449.3,976,117.2
CHOROZINHO,Chorozinho,LITORAL DE FORTALEZA,833.7,972,16.6
CRUZ,Quiterianópolis,SERTAO CENTRAL E INHAMUNS,435.4,971,123
SANTA QUITERIA,Santa Quitéria,SERTAO CENTRAL E INHAMUNS,754.7,970.2,28.6
PEDRA BRANCA,Pedra Branca,SERTAO CENTRAL E INHAMUNS,813.7,969,19.1
JACUIPE NASCENTE,Amontada,LITORAL NORTE,0,968.5,0
CARVOEIRO,Itarema,LITORAL NORTE,748.5,967,29.2
UMIRIM,Umirim,LITORAL DE PECEM,830.9,966.3,16.3
TEJUCUOCA,Tejuçuoca,LITORAL DE PECEM,587.3,963,64
OLIVEIRA,Tamboril,SERTAO CENTRAL E INHAMUNS,542.9,963,77.4
JUREMA,General Sampaio,LITORAL DE PECEM,356,960.2,169.8
CAIOCA,Sobral,LITORAL NORTE,651.8,958.5,47.1
MARARUPA,Mauriti,CARIRI,619.1,958,54.7
APUIARES,Apuiarés,LITORAL DE PECEM,794,957,20.5
EMA,Iracema,JAGUARIBANA,646.5,954.3,47.6
TABULEIRO DO NORTE,Tabuleiro do Norte,JAGUARIBANA,713.6,951.1,33.3
CATUNDA,Catunda,SERTAO CENTRAL E INHAMUNS,682.7,949.4,39.1
ELEVATORIO - COGERH,Itaiçaba,JAGUARIBANA,778.7,947.3,21.7
MISSI,Irauçuba,LITORAL DE PECEM,582.4,947,62.6
TRUSSU,Acopiara,SERTAO CENTRAL E INHAMUNS,686.1,944.9,37.7
MORADA NOVA,Morada Nova,JAGUARIBANA,704.4,944.6,34.1
VERA CRUZ,Tauá,SERTAO CENTRAL E INHAMUNS,508.8,942.9,85.3
JARDIM,Jardim,CARIRI,726.5,940,29.4
BELEM,Crateús,SERTAO CENTRAL E INHAMUNS,0,939.5,0
BAU,Iguatu,SERTAO CENTRAL E INHAMUNS,825,937.6,13.7
SITIO BAIXA GRANDE,Crateús,SERTAO CENTRAL E INHAMUNS,0,934.6,0
TRAPIA,Forquilha,IBIAPABA,573.5,934,62.9
AMARO,Assaré,SERTAO CENTRAL E INHAMUNS,0,934,0
BETANIA,Hidrolândia,IBIAPABA,672,933.1,38.9
JAGUARETAMA,Jaguaretama,JAGUARIBANA,875.3,933,6.6
RIACHO DO ALGODAO,Quixeramobim,SERTAO CENTRAL E INHAMUNS,0,932,0
SERRAGEM,Ocara,MACICO DE BATURITE,639.9,931.5,45.6
FAZENDA GRACINHA,Crateús,SERTAO CENTRAL E INHAMUNS,540.4,931,72.3
VILA SAO GONCALO-MARROCOS,Juazeiro do Norte,CARIRI,657.7,929,41.3
SITIO SACO,Milagres,CARIRI,0,928.7,0
GENERAL SAMPAIO,General Sampaio,LITORAL DE PECEM,815.9,928.4,13.8
ARARENDA,Ararendá,IBIAPABA,637.5,927.7,45.5
CONCEICAO,Hidrolândia,IBIAPABA,803.7,923.4,14.9
SINHA SABOIA,Sobral,LITORAL NORTE,758.2,923.3,21.8
BOQUEIRAO DO CESARIO,Beberibe,LITORAL DE FORTALEZA,518.4,921,77.7
MARRUAS DOS PAIVA,Ipu,IBIAPABA,0,918.1,0
RAIMUNDO MARTINS,Santa Quitéria,SERTAO CENTRAL E INHAMUNS,519.9,916,76.2
SANTANA DO CARIRI,Santana do Cariri,CARIRI,898.8,915.5,1.9
SAO BERNARDO,Canindé,SERTAO CENTRAL E INHAMUNS,0,915.4,0
MATA FRESCA,Aracati,JAGUARIBANA,579.8,915,57.8
NOVA FLORESTA,Jaguaribe,JAGUARIBANA,597.1,909.2,52.3
CANINDEZINHO,Potiretama,JAGUARIBANA,679.3,908,33.7
COMUNIDADE GROSSAS,Pereiro,JAGUARIBANA,896.6,907.6,1.2
LAGOA DE SANTO ANTONIO,Ararendá,IBIAPABA,0,906.2,0
CANAFISTULA,Iracema,JAGUARIBANA,0,904,0
BAIXA FRIA,Canindé,SERTAO CENTRAL E INHAMUNS,0,903.5,0
TAPERUABA,Sobral,LITORAL NORTE,463.1,903,95
PASSAGEM - FOGAREIRO,Quixeramobim,SERTAO CENTRAL E INHAMUNS,557.7,901.8,61.7
MARRUAS,Tauá,SERTAO CENTRAL E INHAMUNS,252.2,901,257.3
BARRA DE SITIA,Banabuiú,JAGUARIBANA,633.6,900.8,42.2
CAPIM 1,Groaíras,IBIAPABA,0,898,0
IRAUCUBA,Irauçuba,LITORAL DE PECEM,456.7,898,96.6
RIACHO VERDE,Quixeramobim,SERTAO CENTRAL E INHAMUNS,0,897.5,0
AIUABA,Aiuaba,SERTAO CENTRAL E INHAMUNS,572.7,892.2,55.8
ACUDE TRAPIA,Pedra Branca,SERTAO CENTRAL E INHAMUNS,734.8,891.7,21.4
JATI,Jati,CARIRI,722.3,891.4,23.4
BORGES,Jaguaruana,JAGUARIBANA,478.7,889,85.7
AQUINOPOLES,Jaguaribe,JAGUARIBANA,657.6,887,34.9
LAGOA DA SERRA,Morada Nova,JAGUARIBANA,764.8,886.2,15.9
PORTEIRAS,Porteiras,CARIRI,816.6,884.7,8.3
NOVO ASSIS,Parambu,SERTAO CENTRAL E INHAMUNS,417.7,883.8,111.6
UBAUNA,Coreaú,IBIAPABA,598.2,882.4,47.5
PACUJA,Pacujá,IBIAPABA,974.8,881.7,-9.6
STA. RITA DOS GALDINOS,Santa Quitéria,SERTAO CENTRAL E INHAMUNS,508.1,881.5,73.5
BELEM,Quixeramobim,SERTAO CENTRAL E INHAMUNS,613.6,880,43.4
SAO MIGUEL,Quixeramobim,SERTAO CENTRAL E INHAMUNS,621.8,880,41.5
SITIO MALHADA,Limoeiro do Norte,JAGUARIBANA,751.3,877.5,16.8
AC. AMANARY,Maranguape,LITORAL DE FORTALEZA,48.7,877.5,1701.9
SANTA TEREZA,Tauá,SERTAO CENTRAL E INHAMUNS,516.6,877,69.8
SITIO CATOLÉ DA PISTA,Piquet Carneiro,SERTAO CENTRAL E INHAMUNS,0,875.3,0
ARACOIABA,Aracoiaba,MACICO DE BATURITE,924.3,874.2,-5.4
FAZENDA NITEROI,Ibaretama,SERTAO CENTRAL E INHAMUNS,845.4,873.8,3.4
CASA DE PEDRA,Pentecoste,LITORAL DE PECEM,760.7,873,14.8
ARUARU,Morada Nova,JAGUARIBANA,521.8,869.8,66.7
MONSENHOR TABOSA,Monsenhor Tabosa,SERTAO CENTRAL E INHAMUNS,669.6,868.8,29.8
BOA VIAGEM,Boa Viagem,SERTAO CENTRAL E INHAMUNS,661.4,868,31.2
BARRINHA,Icapuí,JAGUARIBANA,387.3,867,123.9
AC. PEDRAS BRANCAS,Quixadá,SERTAO CENTRAL E INHAMUNS,274.5,866.9,215.9
RETIRO GRANDE,Icapuí,JAGUARIBANA,829.4,863.3,4.1
ACUDE BATENTE,Ocara,MACICO DE BATURITE,0,862,0
FAZENDA LACRAIA,Morada Nova,JAGUARIBANA,706.7,860.4,21.8
BAIXIO,Quiterianópolis,SERTAO CENTRAL E INHAMUNS,433.3,859.1,98.3
PALHANO,Palhano,JAGUARIBANA,718.3,859,19.6
RADAR QUIXERAMOBIM,Quixeramobim,SERTAO CENTRAL E INHAMUNS,0,857.1,0
BONFIM,Sobral,LITORAL NORTE,697.2,855.8,22.7
FLAMENGO,Saboeiro,SERTAO CENTRAL E INHAMUNS,741.9,854.2,15.1
PENAFORTE,Penaforte,CARIRI,579,852.7,47.3
IBARETAMA,Ibaretama,SERTAO CENTRAL E INHAMUNS,728.4,851.7,16.9
BELA CRUZ,Bela Cruz,LITORAL NORTE,841.9,849.4,0.9
CAJAZERINHA,Umari,CARIRI,0,848.6,0
ASSENTAMENTO PAPEL,Paramoti,LITORAL DE PECEM,0,848,0
BREJINHO,Araripe,SERTAO CENTRAL E INHAMUNS,631.2,847.8,34.3
IAPI,Independência,SERTAO CENTRAL E INHAMUNS,400.6,846,111.2
FAZENDA LOGRADOURO,São João do Jaguaribe,JAGUARIBANA,587.6,842.5,43.4
PARAMOTI,Paramoti,LITORAL DE PECEM,688.6,842.5,22.4
ACUDE CIPOADA,Morada Nova,JAGUARIBANA,0,841.1,0
LOGRADOURO,Alto Santo,JAGUARIBANA,595.6,840,41
AMONTADA,Amontada,LITORAL NORTE,631.1,839,32.9
FAZENDA IEMEM,Mombaça,SERTAO CENTRAL E INHAMUNS,0,836.2,0
SANTO ANTONIO,Ararendá,IBIAPABA,318.4,832.3,161.4
JUREMA,Paramoti,LITORAL DE PECEM,0,829.7,0
PALESTINA,Orós,JAGUARIBANA,707.9,826.7,16.8
IBUGUACU,Granja,LITORAL NORTE,715,826.1,15.5
CAPIM GROSSO,Russas,JAGUARIBANA,692.6,826,19.3
MINEIROLANDIA,Pedra Branca,SERTAO CENTRAL E INHAMUNS,744.9,822,10.4
SITIO FERNANDES,Aratuba,MACICO DE BATURITE,0,821,0
TAUA,Tauá,SERTAO CENTRAL E INHAMUNS,547,819.3,49.8
INHUPORANGA,Caridade,SERTAO CENTRAL E INHAMUNS,331.8,818.9,146.8
CRISTAIS,Cascavel,LITORAL DE FORTALEZA,721.8,818.7,13.4
FECHADO,Catarina,SERTAO CENTRAL E INHAMUNS,0,817,0
BETANIA,Deputado Irapuan Pinheiro,SERTAO CENTRAL E INHAMUNS,581.2,815,40.2
ENCANTADO,Quixeramobim,SERTAO CENTRAL E INHAMUNS,564.6,814.4,44.2
JAGUARUANA,Jaguaruana,JAGUARIBANA,703.2,812.4,15.5
CASTANHAO,Alto Santo,JAGUARIBANA,664.5,811.3,22.1
MONTEIRO,Quiterianópolis,SERTAO CENTRAL E INHAMUNS,611.4,809,32.3
BARREIROS DE BAIXO,Potengi,SERTAO CENTRAL E INHAMUNS,384.7,808,110
ASSENTAMENTO NOVO CANAA,Quixeramobim,SERTAO CENTRAL E INHAMUNS,0,807.1,0
EIXAO 2,Morada Nova,JAGUARIBANA,0,805.7,0
CARIDADE,Caridade,SERTAO CENTRAL E INHAMUNS,590.5,804.4,36.2
SITIO FAVEIRA,São Benedito,IBIAPABA,675.3,803.8,19
MOMBACA,Mombaça,SERTAO CENTRAL E INHAMUNS,766.1,800.6,4.5
TAMBORIL,Tamboril,SERTAO CENTRAL E INHAMUNS,652.5,793.3,21.6
LIMOEIRO DO NORTE,Limoeiro do Norte,JAGUARIBANA,741,791.9,6.9
CARMELOPOLES,Campos Sales,SERTAO CENTRAL E INHAMUNS,662.1,790.2,19.3
ASSARE,Assaré,SERTAO CENTRAL E INHAMUNS,688.2,788.6,14.6
ESTACAO ECOLOGICA,Aiuaba,SERTAO CENTRAL E INHAMUNS,481.8,784.8,62.9
FLORES,Ipu,IBIAPABA,690.5,784.5,13.6
ALGODOES,Quiterianópolis,SERTAO CENTRAL E INHAMUNS,410.9,784.4,90.9
PIQUET CARNEIRO,Piquet Carneiro,SERTAO CENTRAL E INHAMUNS,730.9,782.5,7.1
BOA AGUA,Morada Nova,JAGUARIBANA,754.8,776.5,2.9
FIGUEIREDO,Catarina,SERTAO CENTRAL E INHAMUNS,0,776,0
MONTE SINAI,Independência,SERTAO CENTRAL E INHAMUNS,429.5,775,80.4
SANTA CRUZ,Amontada,LITORAL NORTE,0,774.5,0
CACHOEIRA,Itatira,SERTAO CENTRAL E INHAMUNS,316.5,773.7,144.5
PEIXE,Russas,JAGUARIBANA,631.6,773.4,22.4
BANABUIU,Banabuiú,JAGUARIBANA,673.8,773.3,14.8
FEITICEIRO,Jaguaribe,JAGUARIBANA,537.5,772.8,43.8
BOTIJA,Guaramiranga,MACICO DE BATURITE,0,772.5,0
SOLONOPOLE,Solonópole,SERTAO CENTRAL E INHAMUNS,753.1,771.4,2.4
TAPUIARA,Quixadá,SERTAO CENTRAL E INHAMUNS,621.2,771,24.1
FORQUILHA,Forquilha,IBIAPABA,725.6,770.9,6.3
AC. FORQUILHA,Forquilha,IBIAPABA,362.1,770.7,112.9
QUIXERAMOBIM,Quixeramobim,SERTAO CENTRAL E INHAMUNS,706.2,770.5,9.1
SARGENTO,Jaguaruana,JAGUARIBANA,0,770,0
IBICUITINGA,Ibicuitinga,JAGUARIBANA,705.7,767.8,8.8
MELANCIAS,Tururu,LITORAL DE PECEM,0,766,0
SITIO SEVERO,Jaguaribe,JAGUARIBANA,488.8,765.9,56.7
AÇUDE FIGUEIREDO,Iracema,JAGUARIBANA,0,765.2,0
MILHA,Milhã,SERTAO CENTRAL E INHAMUNS,725.8,764.9,5.4
PORANGA,Poranga,IBIAPABA,582.4,761,30.7
EMATUBA,Independência,SERTAO CENTRAL E INHAMUNS,475.2,761,60.1
VILA ANTONICO,Quixelô,SERTAO CENTRAL E INHAMUNS,767.4,760.6,-0.9
GUARIBAS,Acopiara,SERTAO CENTRAL E INHAMUNS,565.7,758,34
SAO JOAO DO TRISSI,Tauá,SERTAO CENTRAL E INHAMUNS,471.4,753,59.7
BONFIM,Senador Pompeu,SERTAO CENTRAL E INHAMUNS,623.8,751,20.4
ALTO SANTO,Alto Santo,JAGUARIBANA,733.3,749.8,2.3
OROS,Orós,JAGUARIBANA,808.4,749,-7.4
JUA,Irauçuba,LITORAL DE PECEM,463.7,747.6,61.2
UIRAPONGA,Morada Nova,JAGUARIBANA,622.3,747.2,20.1
CUSTODIO,Quixadá,SERTAO CENTRAL E INHAMUNS,576.1,747,29.7
PALMATORIA,Itapiúna,MACICO DE BATURITE,728,746.2,2.5
CAPITAO MOR,Pedra Branca,SERTAO CENTRAL E INHAMUNS,0,745.1,0
JAGUARIBARA,Jaguaribara,JAGUARIBANA,723.8,744.5,2.9
TOME VIEIRA,Ererê,JAGUARIBANA,864.6,744,-13.9
LAGEDO,Cedro,CARIRI,618.6,743.6,20.2
ICOZINHO,Icó,JAGUARIBANA,498.4,741.2,48.7
CANABRAVA-COCOGI,Parambu,SERTAO CENTRAL E INHAMUNS,575.4,741.1,28.8
PINDOGUABA,Tianguá,IBIAPABA,523.2,740,41.4
JANDRANGOEIRA,Independência,SERTAO CENTRAL E INHAMUNS,340.6,737,116.4
BOM NOME,Aiuaba,SERTAO CENTRAL E INHAMUNS,546.5,736.4,34.7
DESEJO,Independência,SERTAO CENTRAL E INHAMUNS,640.6,736.1,14.9
SANTO ANTONIO DA PINDOBA,Ibiapina,IBIAPABA,0,736,0
AQUIRAZ,Aquiraz,LITORAL DE FORTALEZA,1401.3,733.5,-47.7
AC. CEDRO,Quixadá,SERTAO CENTRAL E INHAMUNS,282.8,733.4,159.4
PAUS BRANCOS,Quixeramobim,SERTAO CENTRAL E INHAMUNS,0,730,0
CACIMBAS,Cariré,IBIAPABA,0,728,0
ALTAMIRA,Tauá,SERTAO CENTRAL E INHAMUNS,394.6,725.8,83.9
AC. AYRES DE SOUZA,Sobral,LITORAL NORTE,114.3,724.1,533.5
ACUDE SAO JOSE II,Piquet Carneiro,SERTAO CENTRAL E INHAMUNS,0,720.5,0
FAZ.BELO HORIZONTE,Tauá,SERTAO CENTRAL E INHAMUNS,0,719.9,0
RIACHO VERMELHO,Iguatu,SERTAO CENTRAL E INHAMUNS,749.4,719.2,-4
ACOPIARA,Acopiara,SERTAO CENTRAL E INHAMUNS,744,719,-3.4
BARAO DE AQUIRAZ,Campos Sales,SERTAO CENTRAL E INHAMUNS,443.7,715.8,61.3
FAZENDA COQUE,Jaguaretama,JAGUARIBANA,733.4,712.2,-2.9
SANTA TEREZA,Croatá,IBIAPABA,567.3,709.5,25.1
IBUACU,Boa Viagem,SERTAO CENTRAL E INHAMUNS,516.2,708,37.2
ACUDE SAO JOSE I,Boa Viagem,SERTAO CENTRAL E INHAMUNS,0,708,0
QUIXELO,Quixelô,SERTAO CENTRAL E INHAMUNS,755.7,708,-6.3
VILA ALECRIM,Potengi,SERTAO CENTRAL E INHAMUNS,0,706.9,0
IPAPORANGA,Ipaporanga,IBIAPABA,678.9,705.8,4
GUASSUSSE,Orós,JAGUARIBANA,0,703,0
SANTA TEREZINHA,Crateús,SERTAO CENTRAL E INHAMUNS,446.8,700,56.7
BRUM,Jaguaribe,JAGUARIBANA,0,699.6,0
CAIXA,Acopiara,SERTAO CENTRAL E INHAMUNS,722.3,696,-3.6
CARRAPATEIRAS,Tauá,SERTAO CENTRAL E INHAMUNS,451.6,693.8,53.6
FAZENDA MALAQUIAS,Tejuçuoca,LITORAL DE PECEM,517.6,692,33.7
AC. TRICI,Tauá,SERTAO CENTRAL E INHAMUNS,239,687.6,187.8
NOVA CONQUISTA,Amontada,LITORAL NORTE,0,687,0
SALITRE,Salitre,SERTAO CENTRAL E INHAMUNS,509.4,686,34.7
EBRON,Acopiara,SERTAO CENTRAL E INHAMUNS,534.2,684,28.1
FAZ.REALEZA,Independência,SERTAO CENTRAL E INHAMUNS,0,682.2,0
FAZENDA VARZEA ALEGRE,Madalena,SERTAO CENTRAL E INHAMUNS,591.9,681.8,15.2
GIQUI,Jaguaruana,JAGUARIBANA,564.3,678,20.2
POTIRETAMA,Potiretama,JAGUARIBANA,651.5,674,3.5
ACUDE DO GOVERNO,Iguatu,SERTAO CENTRAL E INHAMUNS,526.3,674,28.1
ITAPAJE,Itapajé,LITORAL DE PECEM,856.4,673.8,-21.3
FAZENDA CORISCO,Tauá,SERTAO CENTRAL E INHAMUNS,0,672,0
CACHOEIRA DE FORA,Arneiroz,SERTAO CENTRAL E INHAMUNS,438.2,670.5,53
SALITRE,Canindé,SERTAO CENTRAL E INHAMUNS,385.5,669.3,73.6
IFCE QUIXADA,Quixadá,SERTAO CENTRAL E INHAMUNS,0,668.8,0
URUQUE,Quixeramobim,SERTAO CENTRAL E INHAMUNS,895.1,666.5,-25.5
SENADOR POMPEU,Senador Pompeu,SERTAO CENTRAL E INHAMUNS,754.5,664.1,-12
AC. QUIXERAMOBIM,Quixeramobim,SERTAO CENTRAL E INHAMUNS,88.2,661.5,650
CHAPADA DO ALEGRE,Salitre,SERTAO CENTRAL E INHAMUNS,0,660.6,0
CROATA,Croatá,IBIAPABA,526.3,658.7,25.2
BOA VISTA,Mombaça,SERTAO CENTRAL E INHAMUNS,523.6,657.3,25.6
SAO JOAO DO JAGUARIBE,São João do Jaguaribe,JAGUARIBANA,705.7,654.9,-7.2
QUIXABINHA,Mauriti,CARIRI,334.9,652.4,94.8
SITIO QUENQUELERE,Potengi,SERTAO CENTRAL E INHAMUNS,0,652.3,0
CARNAUBAL,Carnaubal,IBIAPABA,638.1,651.1,2
LOGRADOURO,Independência,SERTAO CENTRAL E INHAMUNS,0,650.3,0
PAU FERRO,Madalena,SERTAO CENTRAL E INHAMUNS,306.7,648,111.3
CEDRO,Cedro,CARIRI,920.6,635.6,-31
AÇUDE VIEIRAO,Boa Viagem,SERTAO CENTRAL E INHAMUNS,0,630,0
CENTRO DE TREINAMENTO,Sobral,LITORAL NORTE,844.4,628.1,-25.6
DOM MAURICIO,Quixadá,SERTAO CENTRAL E INHAMUNS,0,625.5,0
ACUDE POCO DE PEDRAS,Campos Sales,SERTAO CENTRAL E INHAMUNS,0,622.4,0
CACHOEIRA DO FOGO,Independência,SERTAO CENTRAL E INHAMUNS,458.6,621,35.4
RECIFE,Independência,SERTAO CENTRAL E INHAMUNS,446.4,619,38.7
SERROTE BRANCO,Jaguaretama,JAGUARIBANA,678.5,617,-9.1
ACUDE SANTA MARIA,Ererê,JAGUARIBANA,0,611,0
TRAPIA,Santa Quitéria,SERTAO CENTRAL E INHAMUNS,686.4,609,-11.3
FAZENDA NOVA,Tamboril,SERTAO CENTRAL E INHAMUNS,0,604,0
VARZEA NOVA,Antonina do Norte,SERTAO CENTRAL E INHAMUNS,576.9,601.1,4.2
CAMPOS SALES,Campos Sales,SERTAO CENTRAL E INHAMUNS,567.9,600.8,5.8
FAZENDA CAJAZEIRA,Madalena,SERTAO CENTRAL E INHAMUNS,381,597.8,56.9
INDEPENDENCIA,Independência,SERTAO CENTRAL E INHAMUNS,579.4,596.6,3
SAO VICENTE,Icó,JAGUARIBANA,577.4,595,3.1
ACUDE RIACHO DA SERRA,Alto Santo,JAGUARIBANA,0,591,0
CEDRO,Aiuaba,SERTAO CENTRAL E INHAMUNS,435.8,583.2,33.8
POCO GRANDE,Jucás,CARIRI,565.1,582,3
SACO DO BELEM,Santa Quitéria,SERTAO CENTRAL E INHAMUNS,236.5,577,144
ACUDE PIRABIBU,Quixeramobim,SERTAO CENTRAL E INHAMUNS,0,577,0
ITATIRA,Itatira,SERTAO CENTRAL E INHAMUNS,635.7,567.2,-10.8
SAO JOSE DAS LONTRAS,Ipueiras,IBIAPABA,434,563.9,29.9
MADALENA,Madalena,SERTAO CENTRAL E INHAMUNS,587.4,553.5,-5.8
MONTE ALEGRE,Jaguaretama,JAGUARIBANA,244.9,552,125.4
QUIXADA,Quixadá,SERTAO CENTRAL E INHAMUNS,706.4,550,-22.1
CATARINA,Catarina,SERTAO CENTRAL E INHAMUNS,689.4,547,-20.7
SITIO INHARE,São Benedito,IBIAPABA,0,540.5,0
ANTONINA DO NORTE,Antonina do Norte,SERTAO CENTRAL E INHAMUNS,633.2,540.5,-14.6
ROLDAO,Morada Nova,JAGUARIBANA,652,540.1,-17.2
MORRINHOS NOVOS,Guaraciaba do Norte,IBIAPABA,541.1,538.4,-0.5
CAICARA,Tauá,SERTAO CENTRAL E INHAMUNS,326.5,531.8,62.9
ICO,Icó,JAGUARIBANA,767.7,531.2,-30.8
TABAINHA,Tianguá,IBIAPABA,939.7,530.4,-43.6
LAGOA DO MATO,Itatira,SERTAO CENTRAL E INHAMUNS,546.5,527.5,-3.5
COMUNIDADE LEMOS,Pentecoste,LITORAL DE PECEM,669.3,518.4,-22.6
SITIO ITAPORANGA,Saboeiro,SERTAO CENTRAL E INHAMUNS,0,514.6,0
FAZENDA MORADA NOVA,Acopiara,SERTAO CENTRAL E INHAMUNS,579.3,507,-12.5
BOM JESUS,Tauá,SERTAO CENTRAL E INHAMUNS,277,500,80.5
LAMBEDOURO,Viçosa do Ceará,IBIAPABA,0,499.7,0
PARAMBU,Parambu,SERTAO CENTRAL E INHAMUNS,722.3,497.1,-31.2
CHORO,Choró,SERTAO CENTRAL E INHAMUNS,730.5,486.2,-33.4
SANTANA,Poranga,IBIAPABA,440.2,479,8.8
BOA VISTA DO CAXITORE,Irauçuba,LITORAL DE PECEM,211.6,478,125.9
DEP. IRAPUAN PINHEIRO,Deputado Irapuan Pinheiro,SERTAO CENTRAL E INHAMUNS,790.5,473,-40.2
ACUDE TIGRE,Solonópole,SERTAO CENTRAL E INHAMUNS,0,463,0
SITIO CAMPO LIMPO,Russas,JAGUARIBANA,0,449.5,0
JATOBA,Camocim,LITORAL NORTE,816,446.6,-45.3
PATOS DOS LIBERATOS,Chorozinho,LITORAL DE FORTALEZA,438.3,446,1.8
AC. VARZEA DO BOI,Tauá,SERTAO CENTRAL E INHAMUNS,361.7,443,22.5
CAICARINHA,Choró,SERTAO CENTRAL E INHAMUNS,482.2,437.7,-9.2
APRAZIVEL,Sobral,LITORAL NORTE,531.5,432.3,-18.7
CRIOULAS,Pereiro,JAGUARIBANA,609,421,-30.9
ARARIPE,Araripe,SERTAO CENTRAL E INHAMUNS,695.4,410.8,-40.9
BARRA,Aiuaba,SERTAO CENTRAL E INHAMUNS,395.2,380,-3.9
CARAUBAS,Alto Santo,JAGUARIBANA,480.6,377,-21.6
RUSSAS,Russas,JAGUARIBANA,731.8,369.3,-49.5
RAFAEL ARRUDA,Sobral,LITORAL NORTE,621.2,368.8,-40.6
ACUDE POTIRETAMA,Potiretama,JAGUARIBANA,0,366.8,0
CORREGO ESPERANÇA,Palhano,JAGUARIBANA,0,349.8,0
PAJEU,Araripe,SERTAO CENTRAL E INHAMUNS,555.7,347,-37.6
GUARAMIRANGA,Guaramiranga,MACICO DE BATURITE,1627.4,343.9,-78.9
BARREIROS,Monsenhor Tabosa,SERTAO CENTRAL E INHAMUNS,274,286,4.4
AEROPORTO,São Benedito,IBIAPABA,0,278.9,0
SAO MIGUEL,Mauriti,CARIRI,730.6,276,-62.2
AROEIRAS,Coreaú,IBIAPABA,603.6,248,-58.9
DOM QUINTINO,Crato,CARIRI,734.5,231,-68.6
FAZENDA NOVA,Aiuaba,SERTAO CENTRAL E INHAMUNS,488.2,220.9,-54.8
MARRECAS,Tauá,SERTAO CENTRAL E INHAMUNS,480.2,220,-54.2
NOSSA SRA. DO LIVRAMENTO,Monsenhor Tabosa,SERTAO CENTRAL E INHAMUNS,418.2,198,-52.7
SAO JOAQUIM,Itapajé,LITORAL DE PECEM,533.9,176.8,-66.9
CHACARA CRAVO E ROSA,Salitre,SERTAO CENTRAL E INHAMUNS,0,159,0
CURATIS,Tamboril,SERTAO CENTRAL E INHAMUNS,474.2,147,-69
JUBAIA,Maranguape,LITORAL DE FORTALEZA,836.4,133,-84.1
LACERDA,Quixeramobim,SERTAO CENTRAL E INHAMUNS,522.6,128,-75.5
SITIO MILHANS,Salitre,SERTAO CENTRAL E INHAMUNS,0,102.8,0
ADRIANOPOLIS,Granja,LITORAL NORTE,1296.1,88,-93.2
SITIO PITOMBEIRAS DE CRUZ,Cruz,LITORAL NORTE,0,24,0
SITIO TAUÃ DE BAIXO,Ibiapina,IBIAPABA,0,8,0
AEROPORTO(SOBRAL),Sobral,LITORAL NORTE,510,6.5,-98.7
GRANJEIRO,Granjeiro,CARIRI,967.6,N.I.,N.I.
SITIO NOVO-VILA PE CICERO,Juazeiro do Norte,CARIRI,782,N.I.,N.I.
PONTA DA SERRA,Crato,CARIRI,809,N.I.,N.I.
AGUA VERMELHA,Milagres,CARIRI,0,N.I.,N.I.
SITIO SAO JOAO,Ipu,IBIAPABA,0,N.I.,N.I.
PICADA,Guaraciaba do Norte,IBIAPABA,919.1,N.I.,N.I.
RANCHO AGUA FRIA,Ibiapina,IBIAPABA,0,N.I.,N.I.
AÇUDE DIAMANTE,Coreaú,IBIAPABA,0,N.I.,N.I.
AÇUDE ARREBITA,Forquilha,IBIAPABA,0,N.I.,N.I.
POCO DA AREIA,Ubajara,IBIAPABA,475.3,N.I.,N.I.
RINARÉ,Banabuiú,JAGUARIBANA,354.8,N.I.,N.I.
LIMA CAMPOS,Icó,JAGUARIBANA,182.5,N.I.,N.I.
TRES BODEGAS,Icó,JAGUARIBANA,605,N.I.,N.I.
SITIO LIMA,São João do Jaguaribe,JAGUARIBANA,0,0,0
SÍTIO SÃO PEDRO,Jaguaretama,JAGUARIBANA,529.3,N.I.,N.I.
PATOS,Morada Nova,JAGUARIBANA,635.9,N.I.,N.I.
AC. OROS,Orós,JAGUARIBANA,359.8,N.I.,N.I.
ACUDE MADEIRO,Pereiro,JAGUARIBANA,0,N.I.,N.I.
LAGOA DA SERRA,Caucaia,LITORAL DE FORTALEZA,564.8,N.I.,N.I.
TUCUNDUBA,Caucaia,LITORAL DE FORTALEZA,1061.4,N.I.,N.I.
BOM PRINCIPIO,Caucaia,LITORAL DE FORTALEZA,752.8,N.I.,N.I.
VILA SOARES,Apuiarés,LITORAL DE PECEM,0,N.I.,N.I.
AC. GENERAL SAMPAIO,General Sampaio,LITORAL DE PECEM,256.2,N.I.,N.I.
TURURU,Tururu,LITORAL DE PECEM,866.8,N.I.,N.I.
FAZENDA SÃO DOMINGOS,Tururu,LITORAL DE PECEM,0,N.I.,N.I.
POCO DOCE,Paracuru,LITORAL DE PECEM,0,N.I.,N.I.
AC. PEREIRA DE MIRANDA,Pentecoste,LITORAL DE PECEM,232,N.I.,N.I.
SOBRAL,Sobral,LITORAL NORTE,893.7,N.I.,N.I.
SAO JOSE DO TORTO,Sobral,LITORAL NORTE,608.4,N.I.,N.I.
JORDAO,Sobral,LITORAL NORTE,940,N.I.,N.I.
PATRIARCA,Sobral,LITORAL NORTE,681.9,N.I.,N.I.
CARACARA,Sobral,LITORAL NORTE,459.7,N.I.,N.I.
BILHEIRA,Sobral,LITORAL NORTE,593.2,N.I.,N.I.
SALGADO DOS MACHADOS,Sobral,LITORAL NORTE,667.3,N.I.,N.I.
PATOS,Sobral,LITORAL NORTE,0,N.I.,N.I.
ARACATIARA,Amontada,LITORAL NORTE,621.6,N.I.,N.I.
AÇUDE MARTINÓPOLE,Martinópole,LITORAL NORTE,0,N.I.,N.I.
AÇUDE VÁRZEA DA VOLTA,Moraújo,LITORAL NORTE,0,N.I.,N.I.
AÇUDE GANGORRA,Granja,LITORAL NORTE,0,N.I.,N.I.
SAO JOSE,Barreira,MACICO DE BATURITE,923.2,N.I.,N.I.
HOTEL VALE DAS NUVENS,Baturité,MACICO DE BATURITE,0,N.I.,N.I.
VILA PEDRA BRANCA,Aracoiaba,MACICO DE BATURITE,321.4,N.I.,N.I.
SERENO DE CIMA,Ocara,MACICO DE BATURITE,739.6,N.I.,N.I.
NOVO HORIZONTE,Ocara,MACICO DE BATURITE,466.5,N.I.,N.I.
ARISCO DOS MARIANOS,Ocara,MACICO DE BATURITE,622.1,N.I.,N.I.
CHACARA PEDRO HENRIQUE,Palmácia,MACICO DE BATURITE,0,N.I.,N.I.
BANDEIRA,Itatira,SERTAO CENTRAL E INHAMUNS,628.4,N.I.,N.I.
ITAGUA,Campos Sales,SERTAO CENTRAL E INHAMUNS,397.3,N.I.,N.I.
CANINDE,Canindé,SERTAO CENTRAL E INHAMUNS,597.5,N.I.,N.I.
PIRANGI,Ibaretama,SERTAO CENTRAL E INHAMUNS,411.5,N.I.,N.I.
SALGADINHO,Madalena,SERTAO CENTRAL E INHAMUNS,0,N.I.,N.I.
AEROPORTO(IGUATU),Iguatu,SERTAO CENTRAL E INHAMUNS,260.4,N.I.,N.I.
SAO DOMINGOS,Caridade,SERTAO CENTRAL E INHAMUNS,565.2,N.I.,N.I.
FAZENDA NAO ME DEIXE,Santa Quitéria,SERTAO CENTRAL E INHAMUNS,0,N.I.,N.I.
AÇUDE EDSON QUEIROZ,Santa Quitéria,SERTAO CENTRAL E INHAMUNS,0,N.I.,N.I.
NENELANDIA,Quixeramobim,SERTAO CENTRAL E INHAMUNS,0,N.I.,N.I.
ETA SAAE QUIXERAMOBIM,Quixeramobim,SERTAO CENTRAL E INHAMUNS,0,N.I.,N.I.
CARNAUBINHA,Milhã,SERTAO CENTRAL E INHAMUNS,0,N.I.,N.I.
JABURU,Independência,SERTAO CENTRAL E INHAMUNS,468.7,N.I.,N.I.
EMAUS,Novo Oriente,SERTAO CENTRAL E INHAMUNS,450.4,N.I.,N.I.
CAMPESTRE,Salitre,SERTAO CENTRAL E INHAMUNS,0,N.I.,N.I.
SERRA DO BAIXIO DO MOCO,Salitre,SERTAO CENTRAL E INHAMUNS,0,N.I.,N.I.
BOA ESPERANCA,Tamboril,SERTAO CENTRAL E INHAMUNS,543.6,N.I.,N.I.
SUCESSO,Tamboril,SERTAO CENTRAL E INHAMUNS,631.1,N.I.,N.I.
DOMINGOS DA COSTA,Boa Viagem,SERTAO CENTRAL E INHAMUNS,488.4,N.I.,N.I.
PIEDADE,Boa Viagem,SERTAO CENTRAL E INHAMUNS,316.5,N.I.,N.I.
AC. RIACHO DO SANGUE,Solonópole,SERTAO CENTRAL E INHAMUNS,243.6,N.I.,N.I.
AC. FAVELAS,Tauá,SERTAO CENTRAL E INHAMUNS,292.3,N.I.,N.I.
